precision,recall,f1-score,support,accuracy
0.9179487179487179,0.12722103766879886,0.22347066167290885,1407.0,
1.0,0.07462686567164178,0.13888888888888887,469.0,
0.7597045191193511,0.997527577025485,0.8625226114125966,5258.0,
0.7652088589851416,0.7652088589851416,0.7652088589851416,0.7652088589851416,0.7652088589851416
0.8925510790226897,0.39979182678864184,0.4082940539914648,7134.0,
0.8067115513994104,0.7652088589851416,0.6889130923283017,7134.0,0.7652088589851416
