precision,recall,f1-score,support,accuracy
0.8180555555555555,0.4186211798152097,0.5538316878232251,1407.0,
0.8934426229508197,0.232409381663113,0.36886632825719123,469.0,
0.8210425937698665,0.9825028527957398,0.8945454545454545,5258.0,
0.8219792542753014,0.8219792542753014,0.8219792542753014,0.8219792542753014,0.8219792542753014
0.8441802574254139,0.5445111380913542,0.605747823541957,7134.0,
0.8252131644060218,0.8219792542753014,0.7927893878216848,7134.0,0.8219792542753014
