precision,recall,f1-score,support,accuracy
0.7,0.4975124378109453,0.5816368923971749,1407.0,
0.7024793388429752,0.3624733475479744,0.4781997187060478,469.0,
0.8440257976917854,0.9457968809433245,0.892017937219731,5258.0,
0.8190356041491449,0.8190356041491449,0.8190356041491449,0.8190356041491449,0.8190356041491449
0.7488350455115867,0.6019275554340814,0.6506181827743179,7134.0,
0.8063148940539336,0.8190356041491449,0.8035981342272648,7134.0,0.8190356041491449
