precision,recall,f1-score,support,accuracy
0.9493949394939494,0.6133617626154939,0.7452504317789291,1407.0,
0.9761904761904762,0.43710021321961623,0.6038291605301914,469.0,
0.8683291770573566,0.9933434766070749,0.9266388716402022,5258.0,
0.8818334735071489,0.8818334735071489,0.8818334735071489,0.8818334735071489,0.8818334735071489
0.9313048642472607,0.6812684841473949,0.758572821316441,7134.0,
0.8914083019580741,0.8818334735071489,0.8696426157675632,7134.0,0.8818334735071489
