precision,recall,f1-score,support,accuracy
0.6992481203007519,0.13219616204690832,0.22235505080693366,1407.0,
0.9743589743589743,0.08102345415778252,0.14960629921259844,469.0,
0.7629228291111436,0.9908710536325599,0.8620832299164392,5258.0,
0.7617045135968601,0.7617045135968601,0.7617045135968601,0.7617045135968601,0.7617045135968601
0.8121766412569565,0.4013635566124169,0.4113481933119904,7134.0,
0.7642647462438898,0.7617045135968601,0.6890738062400759,7134.0,0.7617045135968601
