precision,recall,f1-score,support,accuracy
0.8081395348837209,0.39516702203269366,0.5307875894988067,1407.0,
0.9836065573770492,0.1279317697228145,0.22641509433962265,469.0,
0.8092404072043853,0.9826930391783948,0.8875719316327407,5258.0,
0.8106251752172694,0.8106251752172694,0.8106251752172694,0.8106251752172694,0.8106251752172694
0.8669954998217184,0.5019306103113009,0.5482582051570567,7134.0,
0.8204863838059839,0.8106251752172694,0.7737398421916253,7134.0,0.8106251752172694
